insert into kota(id_kota,nama_kota,provinsi) values(1,'Wonosobo','Jawa Tengah');
insert into kota(id_kota,nama_kota,provinsi) values(2,'Purwokerto','Jawa Tengah');
insert into kota(id_kota,nama_kota,provinsi) values(3,'Purbalingga','Jawa Tengah');
insert into kota(id_kota,nama_kota,provinsi) values(4,'Banjarnegara','Jawa Tengah');
insert into kota(id_kota,nama_kota,provinsi) values(5,'Semarang','Jawa Tengah');
insert into kota(id_kota,nama_kota,provinsi) values(6,'Kebumen','Jawa Tengah');
insert into kota(id_kota,nama_kota,provinsi) values(7,'Surakarta','Jawa Tengah');
insert into kota(id_kota,nama_kota,provinsi) values(8,'Yogyakarta','DI Yogyakarta');
insert into kota(id_kota,nama_kota,provinsi) values(9,'Tegal','Jawa Tengah');
insert into kota(id_kota,nama_kota,provinsi) values(10,'Pekalongan','Jawa Tengah');
insert into kota(id_kota,nama_kota,provinsi) values(11,'Kudus','Jawa Tengah');
insert into kota(id_kota,nama_kota,provinsi) values(12,'Cilacap','Jawa Tengah');

insert into terminal(id_terminal,id_kota,nama_terminal,alamat) values(1,1,'Terminal Mendolo','Wonosobo');
insert into terminal(id_terminal,id_kota,nama_terminal,alamat) values(2,2,'Terminal Bulupitu','Purwokerto');
insert into terminal(id_terminal,id_kota,nama_terminal,alamat) values(3,3,'Terminal Purbalingga','Purbalingga');
insert into terminal(id_terminal,id_kota,nama_terminal,alamat) values(4,4,'Terminal Banjarnegara','Banjarnegara');
insert into terminal(id_terminal,id_kota,nama_terminal,alamat) values(5,5,'Terminal Mangkang','Semarang');
insert into terminal(id_terminal,id_kota,nama_terminal,alamat) values(6,6,'Terminal Kebumen','Kebumen');
insert into terminal(id_terminal,id_kota,nama_terminal,alamat) values(7,7,'Terminal Tirtonadi','Surakarta');
insert into terminal(id_terminal,id_kota,nama_terminal,alamat) values(8,8,'Terminal Giwangan','Yogyakarta');
insert into terminal(id_terminal,id_kota,nama_terminal,alamat) values(9,9,'Terminal Tegal','Tegal');
insert into terminal(id_terminal,id_kota,nama_terminal,alamat) values(10,10,'Terminal Pekalongan','Pekalongan');
insert into terminal(id_terminal,id_kota,nama_terminal,alamat) values(11,11,'Terminal Jati','Kudus');
insert into terminal(id_terminal,id_kota,nama_terminal,alamat) values(12,12,'Terminal Cilacap','Cilacap');

insert into operator_bus(id_operator,nama_operator,no_telepon,status_operator) values(1,'Sinar Jaya','081100000001','AKTIF');
insert into operator_bus(id_operator,nama_operator,no_telepon,status_operator) values(2,'Efisiensi','081100000002','AKTIF');
insert into operator_bus(id_operator,nama_operator,no_telepon,status_operator) values(3,'Dieng Indah','081100000003','AKTIF');
insert into operator_bus(id_operator,nama_operator,no_telepon,status_operator) values(4,'Rosalia Indah','081100000004','AKTIF');
insert into operator_bus(id_operator,nama_operator,no_telepon,status_operator) values(5,'Maju Lancar','081100000005','AKTIF');

insert into bus(id_bus,id_operator,nomor_polisi,jenis_bus,kapasitas_kursi,status_bus) values(1,1,'H 7010 SJ','EKSEKUTIF',40,'AKTIF');
insert into bus(id_bus,id_operator,nomor_polisi,jenis_bus,kapasitas_kursi,status_bus) values(2,2,'R 7020 EF','EKSEKUTIF',36,'AKTIF');
insert into bus(id_bus,id_operator,nomor_polisi,jenis_bus,kapasitas_kursi,status_bus) values(3,3,'AA 7030 DI','EKONOMI',42,'AKTIF');
insert into bus(id_bus,id_operator,nomor_polisi,jenis_bus,kapasitas_kursi,status_bus) values(4,2,'R 7040 EF','EKONOMI',45,'AKTIF');
insert into bus(id_bus,id_operator,nomor_polisi,jenis_bus,kapasitas_kursi,status_bus) values(5,4,'AD 7050 RI','EKSEKUTIF',38,'AKTIF');
insert into bus(id_bus,id_operator,nomor_polisi,jenis_bus,kapasitas_kursi,status_bus) values(6,5,'AB 7060 ML','EKONOMI',48,'AKTIF');
insert into bus(id_bus,id_operator,nomor_polisi,jenis_bus,kapasitas_kursi,status_bus) values(7,1,'H 7070 SJ','EKONOMI',46,'AKTIF');
insert into bus(id_bus,id_operator,nomor_polisi,jenis_bus,kapasitas_kursi,status_bus) values(8,4,'AD 7080 RI','EKSEKUTIF',34,'AKTIF');
insert into bus(id_bus,id_operator,nomor_polisi,jenis_bus,kapasitas_kursi,status_bus) values(9,3,'AA 7090 DI','EKONOMI',44,'AKTIF');
insert into bus(id_bus,id_operator,nomor_polisi,jenis_bus,kapasitas_kursi,status_bus) values(10,5,'AB 7100 ML','EKSEKUTIF',40,'AKTIF');

insert into rute(id_rute,id_terminal_asal,id_terminal_tujuan,jarak_km) values(1,1,2,95);
insert into rute(id_rute,id_terminal_asal,id_terminal_tujuan,jarak_km) values(2,2,1,95);
insert into rute(id_rute,id_terminal_asal,id_terminal_tujuan,jarak_km) values(3,1,4,45);
insert into rute(id_rute,id_terminal_asal,id_terminal_tujuan,jarak_km) values(4,3,2,35);
insert into rute(id_rute,id_terminal_asal,id_terminal_tujuan,jarak_km) values(5,5,1,120);
insert into rute(id_rute,id_terminal_asal,id_terminal_tujuan,jarak_km) values(6,2,6,210);
insert into rute(id_rute,id_terminal_asal,id_terminal_tujuan,jarak_km) values(7,6,8,80);
insert into rute(id_rute,id_terminal_asal,id_terminal_tujuan,jarak_km) values(8,7,5,110);
insert into rute(id_rute,id_terminal_asal,id_terminal_tujuan,jarak_km) values(9,9,10,70);
insert into rute(id_rute,id_terminal_asal,id_terminal_tujuan,jarak_km) values(10,11,12,240);
insert into rute(id_rute,id_terminal_asal,id_terminal_tujuan,jarak_km) values(11,5,8,120);
insert into rute(id_rute,id_terminal_asal,id_terminal_tujuan,jarak_km) values(12,12,5,260);

insert into jadwal_perjalanan(id_jadwal,id_rute,id_bus,waktu_berangkat,waktu_tiba,harga_tiket,status_jadwal) values(1,1,1,to_date('2026-07-01 07:00','yyyy-mm-dd hh24:mi'),to_date('2026-07-01 10:00','yyyy-mm-dd hh24:mi'),85000,'TERJADWAL');
insert into jadwal_perjalanan(id_jadwal,id_rute,id_bus,waktu_berangkat,waktu_tiba,harga_tiket,status_jadwal) values(2,2,2,to_date('2026-07-01 13:00','yyyy-mm-dd hh24:mi'),to_date('2026-07-01 16:00','yyyy-mm-dd hh24:mi'),85000,'TERJADWAL');
insert into jadwal_perjalanan(id_jadwal,id_rute,id_bus,waktu_berangkat,waktu_tiba,harga_tiket,status_jadwal) values(3,3,3,to_date('2026-07-02 08:00','yyyy-mm-dd hh24:mi'),to_date('2026-07-02 09:20','yyyy-mm-dd hh24:mi'),55000,'TERJADWAL');
insert into jadwal_perjalanan(id_jadwal,id_rute,id_bus,waktu_berangkat,waktu_tiba,harga_tiket,status_jadwal) values(4,4,4,to_date('2026-07-02 09:00','yyyy-mm-dd hh24:mi'),to_date('2026-07-02 10:00','yyyy-mm-dd hh24:mi'),45000,'TERJADWAL');
insert into jadwal_perjalanan(id_jadwal,id_rute,id_bus,waktu_berangkat,waktu_tiba,harga_tiket,status_jadwal) values(5,5,5,to_date('2026-07-03 06:30','yyyy-mm-dd hh24:mi'),to_date('2026-07-03 10:00','yyyy-mm-dd hh24:mi'),120000,'TERJADWAL');
insert into jadwal_perjalanan(id_jadwal,id_rute,id_bus,waktu_berangkat,waktu_tiba,harga_tiket,status_jadwal) values(6,6,6,to_date('2026-07-03 18:00','yyyy-mm-dd hh24:mi'),to_date('2026-07-03 23:30','yyyy-mm-dd hh24:mi'),170000,'TERJADWAL');
insert into jadwal_perjalanan(id_jadwal,id_rute,id_bus,waktu_berangkat,waktu_tiba,harga_tiket,status_jadwal) values(7,7,7,to_date('2026-07-04 07:30','yyyy-mm-dd hh24:mi'),to_date('2026-07-04 10:00','yyyy-mm-dd hh24:mi'),65000,'TERJADWAL');
insert into jadwal_perjalanan(id_jadwal,id_rute,id_bus,waktu_berangkat,waktu_tiba,harga_tiket,status_jadwal) values(8,8,8,to_date('2026-07-04 11:00','yyyy-mm-dd hh24:mi'),to_date('2026-07-04 14:00','yyyy-mm-dd hh24:mi'),90000,'TERJADWAL');
insert into jadwal_perjalanan(id_jadwal,id_rute,id_bus,waktu_berangkat,waktu_tiba,harga_tiket,status_jadwal) values(9,9,9,to_date('2026-07-05 08:00','yyyy-mm-dd hh24:mi'),to_date('2026-07-05 10:00','yyyy-mm-dd hh24:mi'),70000,'TERJADWAL');
insert into jadwal_perjalanan(id_jadwal,id_rute,id_bus,waktu_berangkat,waktu_tiba,harga_tiket,status_jadwal) values(10,10,10,to_date('2026-07-05 20:00','yyyy-mm-dd hh24:mi'),to_date('2026-07-06 03:00','yyyy-mm-dd hh24:mi'),190000,'TERJADWAL');

insert into pelanggan(id_pelanggan,nama_pelanggan,no_hp,email) values(1,'Ahmad Fauzi','081234567890','ahmad@mail.com');
insert into pelanggan(id_pelanggan,nama_pelanggan,no_hp,email) values(2,'Siti Aminah','082233445566','siti@mail.com');
insert into pelanggan(id_pelanggan,nama_pelanggan,no_hp,email) values(3,'Budi Santoso','085677889900','budi@mail.com');
insert into pelanggan(id_pelanggan,nama_pelanggan,no_hp,email) values(4,'Nabila Shafa','088200519855','nabila@mail.com');
insert into pelanggan(id_pelanggan,nama_pelanggan,no_hp,email) values(5,'Rina Kartika','081300000005','rina.kartika@mail.com');
insert into pelanggan(id_pelanggan,nama_pelanggan,no_hp,email) values(6,'Dimas Pratama','081300000006','dimas.pratama@mail.com');
insert into pelanggan(id_pelanggan,nama_pelanggan,no_hp,email) values(7,'Maya Lestari','081300000007','maya.lestari@mail.com');
insert into pelanggan(id_pelanggan,nama_pelanggan,no_hp,email) values(8,'Fajar Nugroho','081300000008','fajar.nugroho@mail.com');
insert into pelanggan(id_pelanggan,nama_pelanggan,no_hp,email) values(9,'Dewi Anggraini','081300000009','dewi.anggraini@mail.com');
insert into pelanggan(id_pelanggan,nama_pelanggan,no_hp,email) values(10,'Bagas Saputra','081300000010','bagas.saputra@mail.com');
insert into pelanggan(id_pelanggan,nama_pelanggan,no_hp,email) values(11,'Intan Permata','081300000011','intan.permata@mail.com');
insert into pelanggan(id_pelanggan,nama_pelanggan,no_hp,email) values(12,'Arif Wibowo','081300000012','arif.wibowo@mail.com');
insert into pelanggan(id_pelanggan,nama_pelanggan,no_hp,email) values(13,'Laila Fitriani','081300000013','laila.fitriani@mail.com');
insert into pelanggan(id_pelanggan,nama_pelanggan,no_hp,email) values(14,'Hendra Setiawan','081300000014','hendra.setiawan@mail.com');
insert into pelanggan(id_pelanggan,nama_pelanggan,no_hp,email) values(15,'Putri Maharani','081300000015','putri.maharani@mail.com');
insert into pelanggan(id_pelanggan,nama_pelanggan,no_hp,email) values(16,'Rizky Kurniawan','081300000016','rizky.kurniawan@mail.com');
insert into pelanggan(id_pelanggan,nama_pelanggan,no_hp,email) values(17,'Anisa Rahmawati','081300000017','anisa.rahmawati@mail.com');
insert into pelanggan(id_pelanggan,nama_pelanggan,no_hp,email) values(18,'Yudha Prakoso','081300000018','yudha.prakoso@mail.com');
insert into pelanggan(id_pelanggan,nama_pelanggan,no_hp,email) values(19,'Nur Aisyah','081300000019','nur.aisyah@mail.com');
insert into pelanggan(id_pelanggan,nama_pelanggan,no_hp,email) values(20,'Galih Ramadhan','081300000020','galih.ramadhan@mail.com');
insert into pelanggan(id_pelanggan,nama_pelanggan,no_hp,email) values(21,'Citra Ayuningtyas','081300000021','citra.ayuningtyas@mail.com');
insert into pelanggan(id_pelanggan,nama_pelanggan,no_hp,email) values(22,'Andi Wijaya','081300000022','andi.wijaya@mail.com');
insert into pelanggan(id_pelanggan,nama_pelanggan,no_hp,email) values(23,'Ratna Sari','081300000023','ratna.sari@mail.com');
insert into pelanggan(id_pelanggan,nama_pelanggan,no_hp,email) values(24,'Wahyu Hidayat','081300000024','wahyu.hidayat@mail.com');
insert into pelanggan(id_pelanggan,nama_pelanggan,no_hp,email) values(25,'Melati Puspita','081300000025','melati.puspita@mail.com');
insert into pelanggan(id_pelanggan,nama_pelanggan,no_hp,email) values(26,'Reza Maulana','081300000026','reza.maulana@mail.com');
insert into pelanggan(id_pelanggan,nama_pelanggan,no_hp,email) values(27,'Tika Febriyanti','081300000027','tika.febriyanti@mail.com');
insert into pelanggan(id_pelanggan,nama_pelanggan,no_hp,email) values(28,'Yoga Firmansyah','081300000028','yoga.firmansyah@mail.com');
insert into pelanggan(id_pelanggan,nama_pelanggan,no_hp,email) values(29,'Indah Larasati','081300000029','indah.larasati@mail.com');
insert into pelanggan(id_pelanggan,nama_pelanggan,no_hp,email) values(30,'Ilham Akbar','081300000030','ilham.akbar@mail.com');
insert into pelanggan(id_pelanggan,nama_pelanggan,no_hp,email) values(31,'Sarah Oktaviani','081300000031','sarah.oktaviani@mail.com');
insert into pelanggan(id_pelanggan,nama_pelanggan,no_hp,email) values(32,'Agung Prasetyo','081300000032','agung.prasetyo@mail.com');
insert into pelanggan(id_pelanggan,nama_pelanggan,no_hp,email) values(33,'Vina Safitri','081300000033','vina.safitri@mail.com');
insert into pelanggan(id_pelanggan,nama_pelanggan,no_hp,email) values(34,'Eko Susilo','081300000034','eko.susilo@mail.com');
insert into pelanggan(id_pelanggan,nama_pelanggan,no_hp,email) values(35,'Fitri Handayani','081300000035','fitri.handayani@mail.com');
insert into pelanggan(id_pelanggan,nama_pelanggan,no_hp,email) values(36,'Bayu Permana','081300000036','bayu.permana@mail.com');
insert into pelanggan(id_pelanggan,nama_pelanggan,no_hp,email) values(37,'Niken Aprilia','081300000037','niken.aprilia@mail.com');
insert into pelanggan(id_pelanggan,nama_pelanggan,no_hp,email) values(38,'Rafi Alfarizi','081300000038','rafi.alfarizi@mail.com');
insert into pelanggan(id_pelanggan,nama_pelanggan,no_hp,email) values(39,'Dina Maharani','081300000039','dina.maharani@mail.com');
insert into pelanggan(id_pelanggan,nama_pelanggan,no_hp,email) values(40,'Aditya Saputra','081300000040','aditya.saputra@mail.com');
insert into pelanggan(id_pelanggan,nama_pelanggan,no_hp,email) values(41,'Laras Wulandari','081300000041','laras.wulandari@mail.com');
insert into pelanggan(id_pelanggan,nama_pelanggan,no_hp,email) values(42,'Toni Hermawan','081300000042','toni.hermawan@mail.com');
insert into pelanggan(id_pelanggan,nama_pelanggan,no_hp,email) values(43,'Elisa Nuraini','081300000043','elisa.nuraini@mail.com');
insert into pelanggan(id_pelanggan,nama_pelanggan,no_hp,email) values(44,'Farhan Hakim','081300000044','farhan.hakim@mail.com');
insert into pelanggan(id_pelanggan,nama_pelanggan,no_hp,email) values(45,'Wulan Sari','081300000045','wulan.sari@mail.com');
insert into pelanggan(id_pelanggan,nama_pelanggan,no_hp,email) values(46,'Gilang Perdana','081300000046','gilang.perdana@mail.com');
insert into pelanggan(id_pelanggan,nama_pelanggan,no_hp,email) values(47,'Hana Khairunnisa','081300000047','hana.khairunnisa@mail.com');
insert into pelanggan(id_pelanggan,nama_pelanggan,no_hp,email) values(48,'Rendi Saputra','081300000048','rendi.saputra@mail.com');
insert into pelanggan(id_pelanggan,nama_pelanggan,no_hp,email) values(49,'Mega Pertiwi','081300000049','mega.pertiwi@mail.com');
insert into pelanggan(id_pelanggan,nama_pelanggan,no_hp,email) values(50,'Salman Alfarisi','081300000050','salman.alfarisi@mail.com');
insert into pelanggan(id_pelanggan,nama_pelanggan,no_hp,email) values(51,'Aulia Putri','081300000051','aulia.putri@mail.com');
insert into pelanggan(id_pelanggan,nama_pelanggan,no_hp,email) values(52,'Joko Priyanto','081300000052','joko.priyanto@mail.com');
insert into pelanggan(id_pelanggan,nama_pelanggan,no_hp,email) values(53,'Shinta Amelia','081300000053','shinta.amelia@mail.com');
insert into pelanggan(id_pelanggan,nama_pelanggan,no_hp,email) values(54,'Hafiz Ramadhan','081300000054','hafiz.ramadhan@mail.com');
insert into pelanggan(id_pelanggan,nama_pelanggan,no_hp,email) values(55,'Desi Purnamasari','081300000055','desi.purnamasari@mail.com');
insert into pelanggan(id_pelanggan,nama_pelanggan,no_hp,email) values(56,'Aldi Saputro','081300000056','aldi.saputro@mail.com');
insert into pelanggan(id_pelanggan,nama_pelanggan,no_hp,email) values(57,'Novi Andriani','081300000057','novi.andriani@mail.com');
insert into pelanggan(id_pelanggan,nama_pelanggan,no_hp,email) values(58,'Rangga Mahendra','081300000058','rangga.mahendra@mail.com');
insert into pelanggan(id_pelanggan,nama_pelanggan,no_hp,email) values(59,'Salsabila Zahra','081300000059','salsabila.zahra@mail.com');
insert into pelanggan(id_pelanggan,nama_pelanggan,no_hp,email) values(60,'Irfan Maulana','081300000060','irfan.maulana@mail.com');
insert into pelanggan(id_pelanggan,nama_pelanggan,no_hp,email) values(61,'Kiki Amelia','081300000061','kiki.amelia@mail.com');
insert into pelanggan(id_pelanggan,nama_pelanggan,no_hp,email) values(62,'Dwi Cahyono','081300000062','dwi.cahyono@mail.com');
insert into pelanggan(id_pelanggan,nama_pelanggan,no_hp,email) values(63,'Ayu Pratiwi','081300000063','ayu.pratiwi@mail.com');
insert into pelanggan(id_pelanggan,nama_pelanggan,no_hp,email) values(64,'Satria Wicaksono','081300000064','satria.wicaksono@mail.com');
insert into pelanggan(id_pelanggan,nama_pelanggan,no_hp,email) values(65,'Kurnia Sari','081300000065','kurnia.sari@mail.com');
insert into pelanggan(id_pelanggan,nama_pelanggan,no_hp,email) values(66,'Fahri Ramadhan','081300000066','fahri.ramadhan@mail.com');
insert into pelanggan(id_pelanggan,nama_pelanggan,no_hp,email) values(67,'Nadia Putri','081300000067','nadia.putri@mail.com');
insert into pelanggan(id_pelanggan,nama_pelanggan,no_hp,email) values(68,'Denny Kurnia','081300000068','denny.kurnia@mail.com');
insert into pelanggan(id_pelanggan,nama_pelanggan,no_hp,email) values(69,'Violeta Maharani','081300000069','violeta.maharani@mail.com');
insert into pelanggan(id_pelanggan,nama_pelanggan,no_hp,email) values(70,'Riko Prasetya','081300000070','riko.prasetya@mail.com');
insert into pelanggan(id_pelanggan,nama_pelanggan,no_hp,email) values(71,'Bella Safira','081300000071','bella.safira@mail.com');
insert into pelanggan(id_pelanggan,nama_pelanggan,no_hp,email) values(72,'Arya Nugraha','081300000072','arya.nugraha@mail.com');
insert into pelanggan(id_pelanggan,nama_pelanggan,no_hp,email) values(73,'Lia Anggraini','081300000073','lia.anggraini@mail.com');
insert into pelanggan(id_pelanggan,nama_pelanggan,no_hp,email) values(74,'Dika Saputra','081300000074','dika.saputra@mail.com');
insert into pelanggan(id_pelanggan,nama_pelanggan,no_hp,email) values(75,'Retno Wulandari','081300000075','retno.wulandari@mail.com');
insert into pelanggan(id_pelanggan,nama_pelanggan,no_hp,email) values(76,'Panji Setiawan','081300000076','panji.setiawan@mail.com');
insert into pelanggan(id_pelanggan,nama_pelanggan,no_hp,email) values(77,'Amelinda Putri','081300000077','amelinda.putri@mail.com');
insert into pelanggan(id_pelanggan,nama_pelanggan,no_hp,email) values(78,'Kevin Hartono','081300000078','kevin.hartono@mail.com');
insert into pelanggan(id_pelanggan,nama_pelanggan,no_hp,email) values(79,'Yuni Astuti','081300000079','yuni.astuti@mail.com');
insert into pelanggan(id_pelanggan,nama_pelanggan,no_hp,email) values(80,'Taufik Hidayat','081300000080','taufik.hidayat@mail.com');
insert into pelanggan(id_pelanggan,nama_pelanggan,no_hp,email) values(81,'Syifa Nurhaliza','081300000081','syifa.nurhaliza@mail.com');
insert into pelanggan(id_pelanggan,nama_pelanggan,no_hp,email) values(82,'Gita Apriani','081300000082','gita.apriani@mail.com');
insert into pelanggan(id_pelanggan,nama_pelanggan,no_hp,email) values(83,'Damar Adinata','081300000083','damar.adinata@mail.com');
insert into pelanggan(id_pelanggan,nama_pelanggan,no_hp,email) values(84,'Fitria Ningsih','081300000084','fitria.ningsih@mail.com');
insert into pelanggan(id_pelanggan,nama_pelanggan,no_hp,email) values(85,'Raka Wibisana','081300000085','raka.wibisana@mail.com');
insert into pelanggan(id_pelanggan,nama_pelanggan,no_hp,email) values(86,'Monica Aulia','081300000086','monica.aulia@mail.com');
insert into pelanggan(id_pelanggan,nama_pelanggan,no_hp,email) values(87,'Imam Baihaqi','081300000087','imam.baihaqi@mail.com');
insert into pelanggan(id_pelanggan,nama_pelanggan,no_hp,email) values(88,'Riska Maharani','081300000088','riska.maharani@mail.com');
insert into pelanggan(id_pelanggan,nama_pelanggan,no_hp,email) values(89,'Bima Arya','081300000089','bima.arya@mail.com');
insert into pelanggan(id_pelanggan,nama_pelanggan,no_hp,email) values(90,'Elsa Prameswari','081300000090','elsa.prameswari@mail.com');
insert into pelanggan(id_pelanggan,nama_pelanggan,no_hp,email) values(91,'Ridho Saputra','081300000091','ridho.saputra@mail.com');
insert into pelanggan(id_pelanggan,nama_pelanggan,no_hp,email) values(92,'Tiara Lestari','081300000092','tiara.lestari@mail.com');
insert into pelanggan(id_pelanggan,nama_pelanggan,no_hp,email) values(93,'Naufal Fikri','081300000093','naufal.fikri@mail.com');
insert into pelanggan(id_pelanggan,nama_pelanggan,no_hp,email) values(94,'Febri Kurniawan','081300000094','febri.kurniawan@mail.com');
insert into pelanggan(id_pelanggan,nama_pelanggan,no_hp,email) values(95,'Sekar Ayu','081300000095','sekar.ayu@mail.com');
insert into pelanggan(id_pelanggan,nama_pelanggan,no_hp,email) values(96,'Rio Fernando','081300000096','rio.fernando@mail.com');
insert into pelanggan(id_pelanggan,nama_pelanggan,no_hp,email) values(97,'Aisyah Nuraini','081300000097','aisyah.nuraini@mail.com');
insert into pelanggan(id_pelanggan,nama_pelanggan,no_hp,email) values(98,'Angga Pratama','081300000098','angga.pratama@mail.com');
insert into pelanggan(id_pelanggan,nama_pelanggan,no_hp,email) values(99,'Celine Kartika','081300000099','celine.kartika@mail.com');
insert into pelanggan(id_pelanggan,nama_pelanggan,no_hp,email) values(100,'Zaki Abdullah','081300000100','zaki.abdullah@mail.com');

insert into pemesanan_tiket(id_pemesanan,id_pelanggan,id_jadwal,kode_booking,nama_penumpang,nomor_kursi,harga_bayar,metode_pembayaran,status_pembayaran,status_pemesanan,tanggal_pemesanan) values(1001,1,1,'RB-1001','Ahmad Fauzi',1,85000,'QRIS','BERHASIL','DIPESAN',to_date('2026-06-01','yyyy-mm-dd'));
insert into pemesanan_tiket(id_pemesanan,id_pelanggan,id_jadwal,kode_booking,nama_penumpang,nomor_kursi,harga_bayar,metode_pembayaran,status_pembayaran,status_pemesanan,tanggal_pemesanan) values(1002,2,2,'RB-1002','Siti Aminah',1,85000,'TRANSFER','BERHASIL','DIPESAN',to_date('2026-06-02','yyyy-mm-dd'));
insert into pemesanan_tiket(id_pemesanan,id_pelanggan,id_jadwal,kode_booking,nama_penumpang,nomor_kursi,harga_bayar,metode_pembayaran,status_pembayaran,status_pemesanan,tanggal_pemesanan) values(1003,3,3,'RB-1003','Budi Santoso',1,55000,'CASH','BERHASIL','DIPESAN',to_date('2026-06-03','yyyy-mm-dd'));
insert into pemesanan_tiket(id_pemesanan,id_pelanggan,id_jadwal,kode_booking,nama_penumpang,nomor_kursi,harga_bayar,metode_pembayaran,status_pembayaran,status_pemesanan,tanggal_pemesanan) values(1004,4,4,'RB-1004','Nabila Shafa',1,45000,'QRIS','BERHASIL','DIPESAN',to_date('2026-06-04','yyyy-mm-dd'));
insert into pemesanan_tiket(id_pemesanan,id_pelanggan,id_jadwal,kode_booking,nama_penumpang,nomor_kursi,harga_bayar,metode_pembayaran,status_pembayaran,status_pemesanan,tanggal_pemesanan) values(1005,5,5,'RB-1005','Rina Kartika',1,120000,'TRANSFER','BERHASIL','DIPESAN',to_date('2026-06-05','yyyy-mm-dd'));
insert into pemesanan_tiket(id_pemesanan,id_pelanggan,id_jadwal,kode_booking,nama_penumpang,nomor_kursi,harga_bayar,metode_pembayaran,status_pembayaran,status_pemesanan,tanggal_pemesanan) values(1006,6,6,'RB-1006','Dimas Pratama',1,170000,'CASH','BERHASIL','DIPESAN',to_date('2026-06-06','yyyy-mm-dd'));
insert into pemesanan_tiket(id_pemesanan,id_pelanggan,id_jadwal,kode_booking,nama_penumpang,nomor_kursi,harga_bayar,metode_pembayaran,status_pembayaran,status_pemesanan,tanggal_pemesanan) values(1007,7,7,'RB-1007','Maya Lestari',1,65000,'QRIS','BERHASIL','DIPESAN',to_date('2026-06-07','yyyy-mm-dd'));
insert into pemesanan_tiket(id_pemesanan,id_pelanggan,id_jadwal,kode_booking,nama_penumpang,nomor_kursi,harga_bayar,metode_pembayaran,status_pembayaran,status_pemesanan,tanggal_pemesanan) values(1008,8,8,'RB-1008','Fajar Nugroho',1,90000,'TRANSFER','BERHASIL','DIPESAN',to_date('2026-06-08','yyyy-mm-dd'));
insert into pemesanan_tiket(id_pemesanan,id_pelanggan,id_jadwal,kode_booking,nama_penumpang,nomor_kursi,harga_bayar,metode_pembayaran,status_pembayaran,status_pemesanan,tanggal_pemesanan) values(1009,9,9,'RB-1009','Dewi Anggraini',1,70000,'CASH','BERHASIL','DIPESAN',to_date('2026-06-09','yyyy-mm-dd'));
insert into pemesanan_tiket(id_pemesanan,id_pelanggan,id_jadwal,kode_booking,nama_penumpang,nomor_kursi,harga_bayar,metode_pembayaran,status_pembayaran,status_pemesanan,tanggal_pemesanan) values(1010,10,10,'RB-1010','Bagas Saputra',1,190000,'QRIS','BERHASIL','DIPESAN',to_date('2026-06-10','yyyy-mm-dd'));
insert into pemesanan_tiket(id_pemesanan,id_pelanggan,id_jadwal,kode_booking,nama_penumpang,nomor_kursi,harga_bayar,metode_pembayaran,status_pembayaran,status_pemesanan,tanggal_pemesanan) values(1011,11,1,'RB-1011','Intan Permata',2,85000,'TRANSFER','MENUNGGU','DIPESAN',to_date('2026-06-11','yyyy-mm-dd'));
insert into pemesanan_tiket(id_pemesanan,id_pelanggan,id_jadwal,kode_booking,nama_penumpang,nomor_kursi,harga_bayar,metode_pembayaran,status_pembayaran,status_pemesanan,tanggal_pemesanan) values(1012,12,2,'RB-1012','Arif Wibowo',2,85000,'CASH','BERHASIL','DIPESAN',to_date('2026-06-12','yyyy-mm-dd'));
insert into pemesanan_tiket(id_pemesanan,id_pelanggan,id_jadwal,kode_booking,nama_penumpang,nomor_kursi,harga_bayar,metode_pembayaran,status_pembayaran,status_pemesanan,tanggal_pemesanan) values(1013,13,3,'RB-1013','Laila Fitriani',2,55000,'QRIS','BERHASIL','SELESAI',to_date('2026-06-13','yyyy-mm-dd'));
insert into pemesanan_tiket(id_pemesanan,id_pelanggan,id_jadwal,kode_booking,nama_penumpang,nomor_kursi,harga_bayar,metode_pembayaran,status_pembayaran,status_pemesanan,tanggal_pemesanan) values(1014,14,4,'RB-1014','Hendra Setiawan',2,45000,'TRANSFER','BERHASIL','DIPESAN',to_date('2026-06-14','yyyy-mm-dd'));
insert into pemesanan_tiket(id_pemesanan,id_pelanggan,id_jadwal,kode_booking,nama_penumpang,nomor_kursi,harga_bayar,metode_pembayaran,status_pembayaran,status_pemesanan,tanggal_pemesanan) values(1015,15,5,'RB-1015','Putri Maharani',2,120000,'CASH','BERHASIL','DIPESAN',to_date('2026-06-15','yyyy-mm-dd'));
insert into pemesanan_tiket(id_pemesanan,id_pelanggan,id_jadwal,kode_booking,nama_penumpang,nomor_kursi,harga_bayar,metode_pembayaran,status_pembayaran,status_pemesanan,tanggal_pemesanan) values(1016,16,6,'RB-1016','Rizky Kurniawan',2,170000,'QRIS','BERHASIL','DIPESAN',to_date('2026-06-16','yyyy-mm-dd'));
insert into pemesanan_tiket(id_pemesanan,id_pelanggan,id_jadwal,kode_booking,nama_penumpang,nomor_kursi,harga_bayar,metode_pembayaran,status_pembayaran,status_pemesanan,tanggal_pemesanan) values(1017,17,7,'RB-1017','Anisa Rahmawati',2,65000,'TRANSFER','BERHASIL','DIPESAN',to_date('2026-06-17','yyyy-mm-dd'));
insert into pemesanan_tiket(id_pemesanan,id_pelanggan,id_jadwal,kode_booking,nama_penumpang,nomor_kursi,harga_bayar,metode_pembayaran,status_pembayaran,status_pemesanan,tanggal_pemesanan) values(1018,18,8,'RB-1018','Yudha Prakoso',2,90000,'CASH','BERHASIL','DIPESAN',to_date('2026-06-18','yyyy-mm-dd'));
insert into pemesanan_tiket(id_pemesanan,id_pelanggan,id_jadwal,kode_booking,nama_penumpang,nomor_kursi,harga_bayar,metode_pembayaran,status_pembayaran,status_pemesanan,tanggal_pemesanan) values(1019,19,9,'RB-1019','Nur Aisyah',2,70000,'QRIS','BERHASIL','DIPESAN',to_date('2026-06-19','yyyy-mm-dd'));
insert into pemesanan_tiket(id_pemesanan,id_pelanggan,id_jadwal,kode_booking,nama_penumpang,nomor_kursi,harga_bayar,metode_pembayaran,status_pembayaran,status_pemesanan,tanggal_pemesanan) values(1020,20,10,'RB-1020','Galih Ramadhan',2,190000,'TRANSFER','BERHASIL','DIPESAN',to_date('2026-06-20','yyyy-mm-dd'));
insert into pemesanan_tiket(id_pemesanan,id_pelanggan,id_jadwal,kode_booking,nama_penumpang,nomor_kursi,harga_bayar,metode_pembayaran,status_pembayaran,status_pemesanan,tanggal_pemesanan) values(1021,21,1,'RB-1021','Citra Ayuningtyas',3,85000,'CASH','BERHASIL','DIPESAN',to_date('2026-06-21','yyyy-mm-dd'));
insert into pemesanan_tiket(id_pemesanan,id_pelanggan,id_jadwal,kode_booking,nama_penumpang,nomor_kursi,harga_bayar,metode_pembayaran,status_pembayaran,status_pemesanan,tanggal_pemesanan) values(1022,22,2,'RB-1022','Andi Wijaya',3,85000,'QRIS','MENUNGGU','DIPESAN',to_date('2026-06-01','yyyy-mm-dd'));
insert into pemesanan_tiket(id_pemesanan,id_pelanggan,id_jadwal,kode_booking,nama_penumpang,nomor_kursi,harga_bayar,metode_pembayaran,status_pembayaran,status_pemesanan,tanggal_pemesanan) values(1023,23,3,'RB-1023','Ratna Sari',3,55000,'TRANSFER','BERHASIL','DIPESAN',to_date('2026-06-02','yyyy-mm-dd'));
insert into pemesanan_tiket(id_pemesanan,id_pelanggan,id_jadwal,kode_booking,nama_penumpang,nomor_kursi,harga_bayar,metode_pembayaran,status_pembayaran,status_pemesanan,tanggal_pemesanan) values(1024,24,4,'RB-1024','Wahyu Hidayat',3,45000,'CASH','BERHASIL','DIPESAN',to_date('2026-06-03','yyyy-mm-dd'));
insert into pemesanan_tiket(id_pemesanan,id_pelanggan,id_jadwal,kode_booking,nama_penumpang,nomor_kursi,harga_bayar,metode_pembayaran,status_pembayaran,status_pemesanan,tanggal_pemesanan) values(1025,25,5,'RB-1025','Melati Puspita',3,120000,'QRIS','BERHASIL','DIPESAN',to_date('2026-06-04','yyyy-mm-dd'));
insert into pemesanan_tiket(id_pemesanan,id_pelanggan,id_jadwal,kode_booking,nama_penumpang,nomor_kursi,harga_bayar,metode_pembayaran,status_pembayaran,status_pemesanan,tanggal_pemesanan) values(1026,26,6,'RB-1026','Reza Maulana',3,170000,'TRANSFER','BERHASIL','SELESAI',to_date('2026-06-05','yyyy-mm-dd'));
insert into pemesanan_tiket(id_pemesanan,id_pelanggan,id_jadwal,kode_booking,nama_penumpang,nomor_kursi,harga_bayar,metode_pembayaran,status_pembayaran,status_pemesanan,tanggal_pemesanan) values(1027,27,7,'RB-1027','Tika Febriyanti',3,65000,'CASH','BERHASIL','DIPESAN',to_date('2026-06-06','yyyy-mm-dd'));
insert into pemesanan_tiket(id_pemesanan,id_pelanggan,id_jadwal,kode_booking,nama_penumpang,nomor_kursi,harga_bayar,metode_pembayaran,status_pembayaran,status_pemesanan,tanggal_pemesanan) values(1028,28,8,'RB-1028','Yoga Firmansyah',3,90000,'QRIS','BERHASIL','DIPESAN',to_date('2026-06-07','yyyy-mm-dd'));
insert into pemesanan_tiket(id_pemesanan,id_pelanggan,id_jadwal,kode_booking,nama_penumpang,nomor_kursi,harga_bayar,metode_pembayaran,status_pembayaran,status_pemesanan,tanggal_pemesanan) values(1029,29,9,'RB-1029','Indah Larasati',3,70000,'TRANSFER','BERHASIL','DIPESAN',to_date('2026-06-08','yyyy-mm-dd'));
insert into pemesanan_tiket(id_pemesanan,id_pelanggan,id_jadwal,kode_booking,nama_penumpang,nomor_kursi,harga_bayar,metode_pembayaran,status_pembayaran,status_pemesanan,tanggal_pemesanan) values(1030,30,10,'RB-1030','Ilham Akbar',3,190000,'CASH','BERHASIL','DIPESAN',to_date('2026-06-09','yyyy-mm-dd'));
insert into pemesanan_tiket(id_pemesanan,id_pelanggan,id_jadwal,kode_booking,nama_penumpang,nomor_kursi,harga_bayar,metode_pembayaran,status_pembayaran,status_pemesanan,tanggal_pemesanan) values(1031,31,1,'RB-1031','Sarah Oktaviani',4,85000,'QRIS','BERHASIL','DIPESAN',to_date('2026-06-10','yyyy-mm-dd'));
insert into pemesanan_tiket(id_pemesanan,id_pelanggan,id_jadwal,kode_booking,nama_penumpang,nomor_kursi,harga_bayar,metode_pembayaran,status_pembayaran,status_pemesanan,tanggal_pemesanan) values(1032,32,2,'RB-1032','Agung Prasetyo',4,85000,'TRANSFER','BERHASIL','DIPESAN',to_date('2026-06-11','yyyy-mm-dd'));
insert into pemesanan_tiket(id_pemesanan,id_pelanggan,id_jadwal,kode_booking,nama_penumpang,nomor_kursi,harga_bayar,metode_pembayaran,status_pembayaran,status_pemesanan,tanggal_pemesanan) values(1033,33,3,'RB-1033','Vina Safitri',4,55000,'CASH','MENUNGGU','DIPESAN',to_date('2026-06-12','yyyy-mm-dd'));
insert into pemesanan_tiket(id_pemesanan,id_pelanggan,id_jadwal,kode_booking,nama_penumpang,nomor_kursi,harga_bayar,metode_pembayaran,status_pembayaran,status_pemesanan,tanggal_pemesanan) values(1034,34,4,'RB-1034','Eko Susilo',4,45000,'QRIS','BERHASIL','DIPESAN',to_date('2026-06-13','yyyy-mm-dd'));
insert into pemesanan_tiket(id_pemesanan,id_pelanggan,id_jadwal,kode_booking,nama_penumpang,nomor_kursi,harga_bayar,metode_pembayaran,status_pembayaran,status_pemesanan,tanggal_pemesanan) values(1035,35,5,'RB-1035','Fitri Handayani',4,120000,'TRANSFER','BERHASIL','DIPESAN',to_date('2026-06-14','yyyy-mm-dd'));
insert into pemesanan_tiket(id_pemesanan,id_pelanggan,id_jadwal,kode_booking,nama_penumpang,nomor_kursi,harga_bayar,metode_pembayaran,status_pembayaran,status_pemesanan,tanggal_pemesanan) values(1036,36,6,'RB-1036','Bayu Permana',4,170000,'CASH','BERHASIL','DIPESAN',to_date('2026-06-15','yyyy-mm-dd'));
insert into pemesanan_tiket(id_pemesanan,id_pelanggan,id_jadwal,kode_booking,nama_penumpang,nomor_kursi,harga_bayar,metode_pembayaran,status_pembayaran,status_pemesanan,tanggal_pemesanan) values(1037,37,7,'RB-1037','Niken Aprilia',4,65000,'QRIS','BERHASIL','DIPESAN',to_date('2026-06-16','yyyy-mm-dd'));
insert into pemesanan_tiket(id_pemesanan,id_pelanggan,id_jadwal,kode_booking,nama_penumpang,nomor_kursi,harga_bayar,metode_pembayaran,status_pembayaran,status_pemesanan,tanggal_pemesanan) values(1038,38,8,'RB-1038','Rafi Alfarizi',4,90000,'TRANSFER','BERHASIL','DIPESAN',to_date('2026-06-17','yyyy-mm-dd'));
insert into pemesanan_tiket(id_pemesanan,id_pelanggan,id_jadwal,kode_booking,nama_penumpang,nomor_kursi,harga_bayar,metode_pembayaran,status_pembayaran,status_pemesanan,tanggal_pemesanan) values(1039,39,9,'RB-1039','Dina Maharani',4,70000,'CASH','BERHASIL','SELESAI',to_date('2026-06-18','yyyy-mm-dd'));
insert into pemesanan_tiket(id_pemesanan,id_pelanggan,id_jadwal,kode_booking,nama_penumpang,nomor_kursi,harga_bayar,metode_pembayaran,status_pembayaran,status_pemesanan,tanggal_pemesanan) values(1040,40,10,'RB-1040','Aditya Saputra',4,190000,'QRIS','BERHASIL','DIPESAN',to_date('2026-06-19','yyyy-mm-dd'));
insert into pemesanan_tiket(id_pemesanan,id_pelanggan,id_jadwal,kode_booking,nama_penumpang,nomor_kursi,harga_bayar,metode_pembayaran,status_pembayaran,status_pemesanan,tanggal_pemesanan) values(1041,41,1,'RB-1041','Laras Wulandari',5,85000,'TRANSFER','BERHASIL','DIPESAN',to_date('2026-06-20','yyyy-mm-dd'));
insert into pemesanan_tiket(id_pemesanan,id_pelanggan,id_jadwal,kode_booking,nama_penumpang,nomor_kursi,harga_bayar,metode_pembayaran,status_pembayaran,status_pemesanan,tanggal_pemesanan) values(1042,42,2,'RB-1042','Toni Hermawan',5,85000,'CASH','BERHASIL','DIPESAN',to_date('2026-06-21','yyyy-mm-dd'));
insert into pemesanan_tiket(id_pemesanan,id_pelanggan,id_jadwal,kode_booking,nama_penumpang,nomor_kursi,harga_bayar,metode_pembayaran,status_pembayaran,status_pemesanan,tanggal_pemesanan) values(1043,43,3,'RB-1043','Elisa Nuraini',5,55000,'QRIS','BERHASIL','DIPESAN',to_date('2026-06-01','yyyy-mm-dd'));
insert into pemesanan_tiket(id_pemesanan,id_pelanggan,id_jadwal,kode_booking,nama_penumpang,nomor_kursi,harga_bayar,metode_pembayaran,status_pembayaran,status_pemesanan,tanggal_pemesanan) values(1044,44,4,'RB-1044','Farhan Hakim',5,45000,'TRANSFER','MENUNGGU','DIPESAN',to_date('2026-06-02','yyyy-mm-dd'));
insert into pemesanan_tiket(id_pemesanan,id_pelanggan,id_jadwal,kode_booking,nama_penumpang,nomor_kursi,harga_bayar,metode_pembayaran,status_pembayaran,status_pemesanan,tanggal_pemesanan) values(1045,45,5,'RB-1045','Wulan Sari',5,120000,'CASH','BERHASIL','DIPESAN',to_date('2026-06-03','yyyy-mm-dd'));
insert into pemesanan_tiket(id_pemesanan,id_pelanggan,id_jadwal,kode_booking,nama_penumpang,nomor_kursi,harga_bayar,metode_pembayaran,status_pembayaran,status_pemesanan,tanggal_pemesanan) values(1046,46,6,'RB-1046','Gilang Perdana',5,170000,'QRIS','BERHASIL','DIPESAN',to_date('2026-06-04','yyyy-mm-dd'));
insert into pemesanan_tiket(id_pemesanan,id_pelanggan,id_jadwal,kode_booking,nama_penumpang,nomor_kursi,harga_bayar,metode_pembayaran,status_pembayaran,status_pemesanan,tanggal_pemesanan) values(1047,47,7,'RB-1047','Hana Khairunnisa',5,65000,'TRANSFER','BERHASIL','DIPESAN',to_date('2026-06-05','yyyy-mm-dd'));
insert into pemesanan_tiket(id_pemesanan,id_pelanggan,id_jadwal,kode_booking,nama_penumpang,nomor_kursi,harga_bayar,metode_pembayaran,status_pembayaran,status_pemesanan,tanggal_pemesanan) values(1048,48,8,'RB-1048','Rendi Saputra',5,90000,'CASH','BERHASIL','DIPESAN',to_date('2026-06-06','yyyy-mm-dd'));
insert into pemesanan_tiket(id_pemesanan,id_pelanggan,id_jadwal,kode_booking,nama_penumpang,nomor_kursi,harga_bayar,metode_pembayaran,status_pembayaran,status_pemesanan,tanggal_pemesanan) values(1049,49,9,'RB-1049','Mega Pertiwi',5,70000,'QRIS','BERHASIL','DIPESAN',to_date('2026-06-07','yyyy-mm-dd'));
insert into pemesanan_tiket(id_pemesanan,id_pelanggan,id_jadwal,kode_booking,nama_penumpang,nomor_kursi,harga_bayar,metode_pembayaran,status_pembayaran,status_pemesanan,tanggal_pemesanan) values(1050,50,10,'RB-1050','Salman Alfarisi',5,190000,'TRANSFER','BERHASIL','DIPESAN',to_date('2026-06-08','yyyy-mm-dd'));
insert into pemesanan_tiket(id_pemesanan,id_pelanggan,id_jadwal,kode_booking,nama_penumpang,nomor_kursi,harga_bayar,metode_pembayaran,status_pembayaran,status_pemesanan,tanggal_pemesanan) values(1051,51,1,'RB-1051','Aulia Putri',6,85000,'CASH','BERHASIL','DIPESAN',to_date('2026-06-09','yyyy-mm-dd'));
insert into pemesanan_tiket(id_pemesanan,id_pelanggan,id_jadwal,kode_booking,nama_penumpang,nomor_kursi,harga_bayar,metode_pembayaran,status_pembayaran,status_pemesanan,tanggal_pemesanan) values(1052,52,2,'RB-1052','Joko Priyanto',6,85000,'QRIS','BERHASIL','SELESAI',to_date('2026-06-10','yyyy-mm-dd'));
insert into pemesanan_tiket(id_pemesanan,id_pelanggan,id_jadwal,kode_booking,nama_penumpang,nomor_kursi,harga_bayar,metode_pembayaran,status_pembayaran,status_pemesanan,tanggal_pemesanan) values(1053,53,3,'RB-1053','Shinta Amelia',6,55000,'TRANSFER','BERHASIL','DIPESAN',to_date('2026-06-11','yyyy-mm-dd'));
insert into pemesanan_tiket(id_pemesanan,id_pelanggan,id_jadwal,kode_booking,nama_penumpang,nomor_kursi,harga_bayar,metode_pembayaran,status_pembayaran,status_pemesanan,tanggal_pemesanan) values(1054,54,4,'RB-1054','Hafiz Ramadhan',6,45000,'CASH','BERHASIL','DIPESAN',to_date('2026-06-12','yyyy-mm-dd'));
insert into pemesanan_tiket(id_pemesanan,id_pelanggan,id_jadwal,kode_booking,nama_penumpang,nomor_kursi,harga_bayar,metode_pembayaran,status_pembayaran,status_pemesanan,tanggal_pemesanan) values(1055,55,5,'RB-1055','Desi Purnamasari',6,120000,'QRIS','MENUNGGU','DIPESAN',to_date('2026-06-13','yyyy-mm-dd'));
insert into pemesanan_tiket(id_pemesanan,id_pelanggan,id_jadwal,kode_booking,nama_penumpang,nomor_kursi,harga_bayar,metode_pembayaran,status_pembayaran,status_pemesanan,tanggal_pemesanan) values(1056,56,6,'RB-1056','Aldi Saputro',6,170000,'TRANSFER','BERHASIL','DIPESAN',to_date('2026-06-14','yyyy-mm-dd'));
insert into pemesanan_tiket(id_pemesanan,id_pelanggan,id_jadwal,kode_booking,nama_penumpang,nomor_kursi,harga_bayar,metode_pembayaran,status_pembayaran,status_pemesanan,tanggal_pemesanan) values(1057,57,7,'RB-1057','Novi Andriani',6,65000,'CASH','BERHASIL','DIPESAN',to_date('2026-06-15','yyyy-mm-dd'));
insert into pemesanan_tiket(id_pemesanan,id_pelanggan,id_jadwal,kode_booking,nama_penumpang,nomor_kursi,harga_bayar,metode_pembayaran,status_pembayaran,status_pemesanan,tanggal_pemesanan) values(1058,58,8,'RB-1058','Rangga Mahendra',6,90000,'QRIS','BERHASIL','DIPESAN',to_date('2026-06-16','yyyy-mm-dd'));
insert into pemesanan_tiket(id_pemesanan,id_pelanggan,id_jadwal,kode_booking,nama_penumpang,nomor_kursi,harga_bayar,metode_pembayaran,status_pembayaran,status_pemesanan,tanggal_pemesanan) values(1059,59,9,'RB-1059','Salsabila Zahra',6,70000,'TRANSFER','BERHASIL','DIPESAN',to_date('2026-06-17','yyyy-mm-dd'));
insert into pemesanan_tiket(id_pemesanan,id_pelanggan,id_jadwal,kode_booking,nama_penumpang,nomor_kursi,harga_bayar,metode_pembayaran,status_pembayaran,status_pemesanan,tanggal_pemesanan) values(1060,60,10,'RB-1060','Irfan Maulana',6,190000,'CASH','BERHASIL','DIPESAN',to_date('2026-06-18','yyyy-mm-dd'));
insert into pemesanan_tiket(id_pemesanan,id_pelanggan,id_jadwal,kode_booking,nama_penumpang,nomor_kursi,harga_bayar,metode_pembayaran,status_pembayaran,status_pemesanan,tanggal_pemesanan) values(1061,61,1,'RB-1061','Kiki Amelia',7,85000,'QRIS','BERHASIL','DIPESAN',to_date('2026-06-19','yyyy-mm-dd'));
insert into pemesanan_tiket(id_pemesanan,id_pelanggan,id_jadwal,kode_booking,nama_penumpang,nomor_kursi,harga_bayar,metode_pembayaran,status_pembayaran,status_pemesanan,tanggal_pemesanan) values(1062,62,2,'RB-1062','Dwi Cahyono',7,85000,'TRANSFER','BERHASIL','DIPESAN',to_date('2026-06-20','yyyy-mm-dd'));
insert into pemesanan_tiket(id_pemesanan,id_pelanggan,id_jadwal,kode_booking,nama_penumpang,nomor_kursi,harga_bayar,metode_pembayaran,status_pembayaran,status_pemesanan,tanggal_pemesanan) values(1063,63,3,'RB-1063','Ayu Pratiwi',7,55000,'CASH','BERHASIL','DIPESAN',to_date('2026-06-21','yyyy-mm-dd'));
insert into pemesanan_tiket(id_pemesanan,id_pelanggan,id_jadwal,kode_booking,nama_penumpang,nomor_kursi,harga_bayar,metode_pembayaran,status_pembayaran,status_pemesanan,tanggal_pemesanan) values(1064,64,4,'RB-1064','Satria Wicaksono',7,45000,'QRIS','BERHASIL','DIPESAN',to_date('2026-06-01','yyyy-mm-dd'));
insert into pemesanan_tiket(id_pemesanan,id_pelanggan,id_jadwal,kode_booking,nama_penumpang,nomor_kursi,harga_bayar,metode_pembayaran,status_pembayaran,status_pemesanan,tanggal_pemesanan) values(1065,65,5,'RB-1065','Kurnia Sari',7,120000,'TRANSFER','BERHASIL','SELESAI',to_date('2026-06-02','yyyy-mm-dd'));
insert into pemesanan_tiket(id_pemesanan,id_pelanggan,id_jadwal,kode_booking,nama_penumpang,nomor_kursi,harga_bayar,metode_pembayaran,status_pembayaran,status_pemesanan,tanggal_pemesanan) values(1066,66,6,'RB-1066','Fahri Ramadhan',7,170000,'CASH','MENUNGGU','DIPESAN',to_date('2026-06-03','yyyy-mm-dd'));
insert into pemesanan_tiket(id_pemesanan,id_pelanggan,id_jadwal,kode_booking,nama_penumpang,nomor_kursi,harga_bayar,metode_pembayaran,status_pembayaran,status_pemesanan,tanggal_pemesanan) values(1067,67,7,'RB-1067','Nadia Putri',7,65000,'QRIS','BERHASIL','DIPESAN',to_date('2026-06-04','yyyy-mm-dd'));
insert into pemesanan_tiket(id_pemesanan,id_pelanggan,id_jadwal,kode_booking,nama_penumpang,nomor_kursi,harga_bayar,metode_pembayaran,status_pembayaran,status_pemesanan,tanggal_pemesanan) values(1068,68,8,'RB-1068','Denny Kurnia',7,90000,'TRANSFER','BERHASIL','DIPESAN',to_date('2026-06-05','yyyy-mm-dd'));
insert into pemesanan_tiket(id_pemesanan,id_pelanggan,id_jadwal,kode_booking,nama_penumpang,nomor_kursi,harga_bayar,metode_pembayaran,status_pembayaran,status_pemesanan,tanggal_pemesanan) values(1069,69,9,'RB-1069','Violeta Maharani',7,70000,'CASH','BERHASIL','DIPESAN',to_date('2026-06-06','yyyy-mm-dd'));
insert into pemesanan_tiket(id_pemesanan,id_pelanggan,id_jadwal,kode_booking,nama_penumpang,nomor_kursi,harga_bayar,metode_pembayaran,status_pembayaran,status_pemesanan,tanggal_pemesanan) values(1070,70,10,'RB-1070','Riko Prasetya',7,190000,'QRIS','BERHASIL','DIPESAN',to_date('2026-06-07','yyyy-mm-dd'));
insert into pemesanan_tiket(id_pemesanan,id_pelanggan,id_jadwal,kode_booking,nama_penumpang,nomor_kursi,harga_bayar,metode_pembayaran,status_pembayaran,status_pemesanan,tanggal_pemesanan) values(1071,71,1,'RB-1071','Bella Safira',8,85000,'TRANSFER','BERHASIL','DIPESAN',to_date('2026-06-08','yyyy-mm-dd'));
insert into pemesanan_tiket(id_pemesanan,id_pelanggan,id_jadwal,kode_booking,nama_penumpang,nomor_kursi,harga_bayar,metode_pembayaran,status_pembayaran,status_pemesanan,tanggal_pemesanan) values(1072,72,2,'RB-1072','Arya Nugraha',8,85000,'CASH','BERHASIL','DIPESAN',to_date('2026-06-09','yyyy-mm-dd'));
insert into pemesanan_tiket(id_pemesanan,id_pelanggan,id_jadwal,kode_booking,nama_penumpang,nomor_kursi,harga_bayar,metode_pembayaran,status_pembayaran,status_pemesanan,tanggal_pemesanan) values(1073,73,3,'RB-1073','Lia Anggraini',8,55000,'QRIS','BERHASIL','DIPESAN',to_date('2026-06-10','yyyy-mm-dd'));
insert into pemesanan_tiket(id_pemesanan,id_pelanggan,id_jadwal,kode_booking,nama_penumpang,nomor_kursi,harga_bayar,metode_pembayaran,status_pembayaran,status_pemesanan,tanggal_pemesanan) values(1074,74,4,'RB-1074','Dika Saputra',8,45000,'TRANSFER','BERHASIL','DIPESAN',to_date('2026-06-11','yyyy-mm-dd'));
insert into pemesanan_tiket(id_pemesanan,id_pelanggan,id_jadwal,kode_booking,nama_penumpang,nomor_kursi,harga_bayar,metode_pembayaran,status_pembayaran,status_pemesanan,tanggal_pemesanan) values(1075,75,5,'RB-1075','Retno Wulandari',8,120000,'CASH','BERHASIL','DIPESAN',to_date('2026-06-12','yyyy-mm-dd'));
insert into pemesanan_tiket(id_pemesanan,id_pelanggan,id_jadwal,kode_booking,nama_penumpang,nomor_kursi,harga_bayar,metode_pembayaran,status_pembayaran,status_pemesanan,tanggal_pemesanan) values(1076,76,6,'RB-1076','Panji Setiawan',8,170000,'QRIS','BERHASIL','DIPESAN',to_date('2026-06-13','yyyy-mm-dd'));
insert into pemesanan_tiket(id_pemesanan,id_pelanggan,id_jadwal,kode_booking,nama_penumpang,nomor_kursi,harga_bayar,metode_pembayaran,status_pembayaran,status_pemesanan,tanggal_pemesanan) values(1077,77,7,'RB-1077','Amelinda Putri',8,65000,'TRANSFER','MENUNGGU','DIPESAN',to_date('2026-06-14','yyyy-mm-dd'));
insert into pemesanan_tiket(id_pemesanan,id_pelanggan,id_jadwal,kode_booking,nama_penumpang,nomor_kursi,harga_bayar,metode_pembayaran,status_pembayaran,status_pemesanan,tanggal_pemesanan) values(1078,78,8,'RB-1078','Kevin Hartono',8,90000,'CASH','BERHASIL','SELESAI',to_date('2026-06-15','yyyy-mm-dd'));
insert into pemesanan_tiket(id_pemesanan,id_pelanggan,id_jadwal,kode_booking,nama_penumpang,nomor_kursi,harga_bayar,metode_pembayaran,status_pembayaran,status_pemesanan,tanggal_pemesanan) values(1079,79,9,'RB-1079','Yuni Astuti',8,70000,'QRIS','BERHASIL','DIPESAN',to_date('2026-06-16','yyyy-mm-dd'));
insert into pemesanan_tiket(id_pemesanan,id_pelanggan,id_jadwal,kode_booking,nama_penumpang,nomor_kursi,harga_bayar,metode_pembayaran,status_pembayaran,status_pemesanan,tanggal_pemesanan) values(1080,80,10,'RB-1080','Taufik Hidayat',8,190000,'TRANSFER','BERHASIL','DIPESAN',to_date('2026-06-17','yyyy-mm-dd'));
insert into pemesanan_tiket(id_pemesanan,id_pelanggan,id_jadwal,kode_booking,nama_penumpang,nomor_kursi,harga_bayar,metode_pembayaran,status_pembayaran,status_pemesanan,tanggal_pemesanan) values(1081,81,1,'RB-1081','Syifa Nurhaliza',9,85000,'CASH','BERHASIL','DIPESAN',to_date('2026-06-18','yyyy-mm-dd'));
insert into pemesanan_tiket(id_pemesanan,id_pelanggan,id_jadwal,kode_booking,nama_penumpang,nomor_kursi,harga_bayar,metode_pembayaran,status_pembayaran,status_pemesanan,tanggal_pemesanan) values(1082,82,2,'RB-1082','Gita Apriani',9,85000,'QRIS','BERHASIL','DIPESAN',to_date('2026-06-19','yyyy-mm-dd'));
insert into pemesanan_tiket(id_pemesanan,id_pelanggan,id_jadwal,kode_booking,nama_penumpang,nomor_kursi,harga_bayar,metode_pembayaran,status_pembayaran,status_pemesanan,tanggal_pemesanan) values(1083,83,3,'RB-1083','Damar Adinata',9,55000,'TRANSFER','BERHASIL','DIPESAN',to_date('2026-06-20','yyyy-mm-dd'));
insert into pemesanan_tiket(id_pemesanan,id_pelanggan,id_jadwal,kode_booking,nama_penumpang,nomor_kursi,harga_bayar,metode_pembayaran,status_pembayaran,status_pemesanan,tanggal_pemesanan) values(1084,84,4,'RB-1084','Fitria Ningsih',9,45000,'CASH','BERHASIL','DIPESAN',to_date('2026-06-21','yyyy-mm-dd'));
insert into pemesanan_tiket(id_pemesanan,id_pelanggan,id_jadwal,kode_booking,nama_penumpang,nomor_kursi,harga_bayar,metode_pembayaran,status_pembayaran,status_pemesanan,tanggal_pemesanan) values(1085,85,5,'RB-1085','Raka Wibisana',9,120000,'QRIS','BERHASIL','DIPESAN',to_date('2026-06-01','yyyy-mm-dd'));
insert into pemesanan_tiket(id_pemesanan,id_pelanggan,id_jadwal,kode_booking,nama_penumpang,nomor_kursi,harga_bayar,metode_pembayaran,status_pembayaran,status_pemesanan,tanggal_pemesanan) values(1086,86,6,'RB-1086','Monica Aulia',9,170000,'TRANSFER','BERHASIL','DIPESAN',to_date('2026-06-02','yyyy-mm-dd'));
insert into pemesanan_tiket(id_pemesanan,id_pelanggan,id_jadwal,kode_booking,nama_penumpang,nomor_kursi,harga_bayar,metode_pembayaran,status_pembayaran,status_pemesanan,tanggal_pemesanan) values(1087,87,7,'RB-1087','Imam Baihaqi',9,65000,'CASH','BERHASIL','DIPESAN',to_date('2026-06-03','yyyy-mm-dd'));
insert into pemesanan_tiket(id_pemesanan,id_pelanggan,id_jadwal,kode_booking,nama_penumpang,nomor_kursi,harga_bayar,metode_pembayaran,status_pembayaran,status_pemesanan,tanggal_pemesanan) values(1088,88,8,'RB-1088','Riska Maharani',9,90000,'QRIS','MENUNGGU','DIPESAN',to_date('2026-06-04','yyyy-mm-dd'));
insert into pemesanan_tiket(id_pemesanan,id_pelanggan,id_jadwal,kode_booking,nama_penumpang,nomor_kursi,harga_bayar,metode_pembayaran,status_pembayaran,status_pemesanan,tanggal_pemesanan) values(1089,89,9,'RB-1089','Bima Arya',9,70000,'TRANSFER','BERHASIL','DIPESAN',to_date('2026-06-05','yyyy-mm-dd'));
insert into pemesanan_tiket(id_pemesanan,id_pelanggan,id_jadwal,kode_booking,nama_penumpang,nomor_kursi,harga_bayar,metode_pembayaran,status_pembayaran,status_pemesanan,tanggal_pemesanan) values(1090,90,10,'RB-1090','Elsa Prameswari',9,190000,'CASH','BERHASIL','DIPESAN',to_date('2026-06-06','yyyy-mm-dd'));
insert into pemesanan_tiket(id_pemesanan,id_pelanggan,id_jadwal,kode_booking,nama_penumpang,nomor_kursi,harga_bayar,metode_pembayaran,status_pembayaran,status_pemesanan,tanggal_pemesanan) values(1091,91,1,'RB-1091','Ridho Saputra',10,85000,'QRIS','BERHASIL','SELESAI',to_date('2026-06-07','yyyy-mm-dd'));
insert into pemesanan_tiket(id_pemesanan,id_pelanggan,id_jadwal,kode_booking,nama_penumpang,nomor_kursi,harga_bayar,metode_pembayaran,status_pembayaran,status_pemesanan,tanggal_pemesanan) values(1092,92,2,'RB-1092','Tiara Lestari',10,85000,'TRANSFER','BERHASIL','DIPESAN',to_date('2026-06-08','yyyy-mm-dd'));
insert into pemesanan_tiket(id_pemesanan,id_pelanggan,id_jadwal,kode_booking,nama_penumpang,nomor_kursi,harga_bayar,metode_pembayaran,status_pembayaran,status_pemesanan,tanggal_pemesanan) values(1093,93,3,'RB-1093','Naufal Fikri',10,55000,'CASH','BERHASIL','DIPESAN',to_date('2026-06-09','yyyy-mm-dd'));
insert into pemesanan_tiket(id_pemesanan,id_pelanggan,id_jadwal,kode_booking,nama_penumpang,nomor_kursi,harga_bayar,metode_pembayaran,status_pembayaran,status_pemesanan,tanggal_pemesanan) values(1094,94,4,'RB-1094','Febri Kurniawan',10,45000,'QRIS','BERHASIL','DIPESAN',to_date('2026-06-10','yyyy-mm-dd'));
insert into pemesanan_tiket(id_pemesanan,id_pelanggan,id_jadwal,kode_booking,nama_penumpang,nomor_kursi,harga_bayar,metode_pembayaran,status_pembayaran,status_pemesanan,tanggal_pemesanan) values(1095,95,5,'RB-1095','Sekar Ayu',10,120000,'TRANSFER','BERHASIL','DIPESAN',to_date('2026-06-11','yyyy-mm-dd'));
insert into pemesanan_tiket(id_pemesanan,id_pelanggan,id_jadwal,kode_booking,nama_penumpang,nomor_kursi,harga_bayar,metode_pembayaran,status_pembayaran,status_pemesanan,tanggal_pemesanan) values(1096,96,6,'RB-1096','Rio Fernando',10,170000,'CASH','BERHASIL','DIPESAN',to_date('2026-06-12','yyyy-mm-dd'));
insert into pemesanan_tiket(id_pemesanan,id_pelanggan,id_jadwal,kode_booking,nama_penumpang,nomor_kursi,harga_bayar,metode_pembayaran,status_pembayaran,status_pemesanan,tanggal_pemesanan) values(1097,97,7,'RB-1097','Aisyah Nuraini',10,65000,'QRIS','BERHASIL','DIPESAN',to_date('2026-06-13','yyyy-mm-dd'));
insert into pemesanan_tiket(id_pemesanan,id_pelanggan,id_jadwal,kode_booking,nama_penumpang,nomor_kursi,harga_bayar,metode_pembayaran,status_pembayaran,status_pemesanan,tanggal_pemesanan) values(1098,98,8,'RB-1098','Angga Pratama',10,90000,'TRANSFER','BERHASIL','DIPESAN',to_date('2026-06-14','yyyy-mm-dd'));
insert into pemesanan_tiket(id_pemesanan,id_pelanggan,id_jadwal,kode_booking,nama_penumpang,nomor_kursi,harga_bayar,metode_pembayaran,status_pembayaran,status_pemesanan,tanggal_pemesanan) values(1099,99,9,'RB-1099','Celine Kartika',10,70000,'CASH','MENUNGGU','DIPESAN',to_date('2026-06-15','yyyy-mm-dd'));
insert into pemesanan_tiket(id_pemesanan,id_pelanggan,id_jadwal,kode_booking,nama_penumpang,nomor_kursi,harga_bayar,metode_pembayaran,status_pembayaran,status_pemesanan,tanggal_pemesanan) values(1100,100,10,'RB-1100','Zaki Abdullah',10,190000,'QRIS','BERHASIL','DIPESAN',to_date('2026-06-16','yyyy-mm-dd'));
insert into pemesanan_tiket(id_pemesanan,id_pelanggan,id_jadwal,kode_booking,nama_penumpang,nomor_kursi,harga_bayar,metode_pembayaran,status_pembayaran,status_pemesanan,tanggal_pemesanan) values(1101,1,1,'RB-1101','Ahmad Fauzi',11,85000,'QRIS','BERHASIL','DIPESAN',to_date('2026-06-10','yyyy-mm-dd'));
insert into pemesanan_tiket(id_pemesanan,id_pelanggan,id_jadwal,kode_booking,nama_penumpang,nomor_kursi,harga_bayar,metode_pembayaran,status_pembayaran,status_pemesanan,tanggal_pemesanan) values(1102,3,2,'RB-1102','Budi Santoso',11,85000,'TRANSFER','BERHASIL','DIPESAN',to_date('2026-06-11','yyyy-mm-dd'));
insert into pemesanan_tiket(id_pemesanan,id_pelanggan,id_jadwal,kode_booking,nama_penumpang,nomor_kursi,harga_bayar,metode_pembayaran,status_pembayaran,status_pemesanan,tanggal_pemesanan) values(1103,7,3,'RB-1103','Maya Lestari',11,55000,'CASH','BERHASIL','SELESAI',to_date('2026-06-12','yyyy-mm-dd'));
insert into pemesanan_tiket(id_pemesanan,id_pelanggan,id_jadwal,kode_booking,nama_penumpang,nomor_kursi,harga_bayar,metode_pembayaran,status_pembayaran,status_pemesanan,tanggal_pemesanan) values(1104,10,4,'RB-1104','Bagas Saputra',11,45000,'QRIS','GAGAL','DIBATALKAN',to_date('2026-06-13','yyyy-mm-dd'));
insert into pemesanan_tiket(id_pemesanan,id_pelanggan,id_jadwal,kode_booking,nama_penumpang,nomor_kursi,harga_bayar,metode_pembayaran,status_pembayaran,status_pemesanan,tanggal_pemesanan) values(1105,14,5,'RB-1105','Hendra Setiawan',11,120000,'TRANSFER','BERHASIL','DIPESAN',to_date('2026-06-14','yyyy-mm-dd'));
insert into pemesanan_tiket(id_pemesanan,id_pelanggan,id_jadwal,kode_booking,nama_penumpang,nomor_kursi,harga_bayar,metode_pembayaran,status_pembayaran,status_pemesanan,tanggal_pemesanan) values(1106,19,6,'RB-1106','Nur Aisyah',11,170000,'CASH','BERHASIL','DIPESAN',to_date('2026-06-15','yyyy-mm-dd'));
insert into pemesanan_tiket(id_pemesanan,id_pelanggan,id_jadwal,kode_booking,nama_penumpang,nomor_kursi,harga_bayar,metode_pembayaran,status_pembayaran,status_pemesanan,tanggal_pemesanan) values(1107,23,7,'RB-1107','Ratna Sari',11,65000,'QRIS','MENUNGGU','DIPESAN',to_date('2026-06-16','yyyy-mm-dd'));
insert into pemesanan_tiket(id_pemesanan,id_pelanggan,id_jadwal,kode_booking,nama_penumpang,nomor_kursi,harga_bayar,metode_pembayaran,status_pembayaran,status_pemesanan,tanggal_pemesanan) values(1108,27,8,'RB-1108','Tika Febriyanti',11,90000,'TRANSFER','BERHASIL','DIPESAN',to_date('2026-06-17','yyyy-mm-dd'));
insert into pemesanan_tiket(id_pemesanan,id_pelanggan,id_jadwal,kode_booking,nama_penumpang,nomor_kursi,harga_bayar,metode_pembayaran,status_pembayaran,status_pemesanan,tanggal_pemesanan) values(1109,31,9,'RB-1109','Sarah Oktaviani',11,70000,'CASH','BERHASIL','DIPESAN',to_date('2026-06-18','yyyy-mm-dd'));
insert into pemesanan_tiket(id_pemesanan,id_pelanggan,id_jadwal,kode_booking,nama_penumpang,nomor_kursi,harga_bayar,metode_pembayaran,status_pembayaran,status_pemesanan,tanggal_pemesanan) values(1110,36,10,'RB-1110','Bayu Permana',11,190000,'QRIS','BERHASIL','SELESAI',to_date('2026-06-19','yyyy-mm-dd'));
insert into pemesanan_tiket(id_pemesanan,id_pelanggan,id_jadwal,kode_booking,nama_penumpang,nomor_kursi,harga_bayar,metode_pembayaran,status_pembayaran,status_pemesanan,tanggal_pemesanan) values(1111,40,1,'RB-1111','Aditya Saputra',12,85000,'TRANSFER','MENUNGGU','DIPESAN',to_date('2026-06-20','yyyy-mm-dd'));
insert into pemesanan_tiket(id_pemesanan,id_pelanggan,id_jadwal,kode_booking,nama_penumpang,nomor_kursi,harga_bayar,metode_pembayaran,status_pembayaran,status_pemesanan,tanggal_pemesanan) values(1112,45,2,'RB-1112','Wulan Sari',12,85000,'CASH','BERHASIL','DIPESAN',to_date('2026-06-21','yyyy-mm-dd'));
insert into pemesanan_tiket(id_pemesanan,id_pelanggan,id_jadwal,kode_booking,nama_penumpang,nomor_kursi,harga_bayar,metode_pembayaran,status_pembayaran,status_pemesanan,tanggal_pemesanan) values(1113,50,3,'RB-1113','Salman Alfarisi',12,55000,'QRIS','BERHASIL','DIPESAN',to_date('2026-06-22','yyyy-mm-dd'));
insert into pemesanan_tiket(id_pemesanan,id_pelanggan,id_jadwal,kode_booking,nama_penumpang,nomor_kursi,harga_bayar,metode_pembayaran,status_pembayaran,status_pemesanan,tanggal_pemesanan) values(1114,55,4,'RB-1114','Desi Purnamasari',12,45000,'TRANSFER','GAGAL','DIBATALKAN',to_date('2026-06-10','yyyy-mm-dd'));
insert into pemesanan_tiket(id_pemesanan,id_pelanggan,id_jadwal,kode_booking,nama_penumpang,nomor_kursi,harga_bayar,metode_pembayaran,status_pembayaran,status_pemesanan,tanggal_pemesanan) values(1115,59,5,'RB-1115','Salsabila Zahra',12,120000,'CASH','BERHASIL','DIPESAN',to_date('2026-06-11','yyyy-mm-dd'));
insert into pemesanan_tiket(id_pemesanan,id_pelanggan,id_jadwal,kode_booking,nama_penumpang,nomor_kursi,harga_bayar,metode_pembayaran,status_pembayaran,status_pemesanan,tanggal_pemesanan) values(1116,64,6,'RB-1116','Satria Wicaksono',12,170000,'QRIS','BERHASIL','SELESAI',to_date('2026-06-12','yyyy-mm-dd'));
insert into pemesanan_tiket(id_pemesanan,id_pelanggan,id_jadwal,kode_booking,nama_penumpang,nomor_kursi,harga_bayar,metode_pembayaran,status_pembayaran,status_pemesanan,tanggal_pemesanan) values(1117,68,7,'RB-1117','Denny Kurnia',12,65000,'TRANSFER','MENUNGGU','DIPESAN',to_date('2026-06-13','yyyy-mm-dd'));
insert into pemesanan_tiket(id_pemesanan,id_pelanggan,id_jadwal,kode_booking,nama_penumpang,nomor_kursi,harga_bayar,metode_pembayaran,status_pembayaran,status_pemesanan,tanggal_pemesanan) values(1118,72,8,'RB-1118','Arya Nugraha',12,90000,'CASH','BERHASIL','DIPESAN',to_date('2026-06-14','yyyy-mm-dd'));
insert into pemesanan_tiket(id_pemesanan,id_pelanggan,id_jadwal,kode_booking,nama_penumpang,nomor_kursi,harga_bayar,metode_pembayaran,status_pembayaran,status_pemesanan,tanggal_pemesanan) values(1119,77,9,'RB-1119','Amelinda Putri',12,70000,'QRIS','BERHASIL','DIPESAN',to_date('2026-06-15','yyyy-mm-dd'));
insert into pemesanan_tiket(id_pemesanan,id_pelanggan,id_jadwal,kode_booking,nama_penumpang,nomor_kursi,harga_bayar,metode_pembayaran,status_pembayaran,status_pemesanan,tanggal_pemesanan) values(1120,81,10,'RB-1120','Syifa Nurhaliza',12,190000,'TRANSFER','BERHASIL','DIPESAN',to_date('2026-06-16','yyyy-mm-dd'));
insert into pemesanan_tiket(id_pemesanan,id_pelanggan,id_jadwal,kode_booking,nama_penumpang,nomor_kursi,harga_bayar,metode_pembayaran,status_pembayaran,status_pemesanan,tanggal_pemesanan) values(1121,86,1,'RB-1121','Monica Aulia',13,85000,'CASH','BERHASIL','DIPESAN',to_date('2026-06-17','yyyy-mm-dd'));
insert into pemesanan_tiket(id_pemesanan,id_pelanggan,id_jadwal,kode_booking,nama_penumpang,nomor_kursi,harga_bayar,metode_pembayaran,status_pembayaran,status_pemesanan,tanggal_pemesanan) values(1122,90,2,'RB-1122','Elsa Prameswari',13,85000,'QRIS','MENUNGGU','DIPESAN',to_date('2026-06-18','yyyy-mm-dd'));
insert into pemesanan_tiket(id_pemesanan,id_pelanggan,id_jadwal,kode_booking,nama_penumpang,nomor_kursi,harga_bayar,metode_pembayaran,status_pembayaran,status_pemesanan,tanggal_pemesanan) values(1123,94,3,'RB-1123','Febri Kurniawan',13,55000,'TRANSFER','BERHASIL','SELESAI',to_date('2026-06-19','yyyy-mm-dd'));
insert into pemesanan_tiket(id_pemesanan,id_pelanggan,id_jadwal,kode_booking,nama_penumpang,nomor_kursi,harga_bayar,metode_pembayaran,status_pembayaran,status_pemesanan,tanggal_pemesanan) values(1124,97,4,'RB-1124','Aisyah Nuraini',13,45000,'CASH','GAGAL','DIBATALKAN',to_date('2026-06-20','yyyy-mm-dd'));
insert into pemesanan_tiket(id_pemesanan,id_pelanggan,id_jadwal,kode_booking,nama_penumpang,nomor_kursi,harga_bayar,metode_pembayaran,status_pembayaran,status_pemesanan,tanggal_pemesanan) values(1125,100,5,'RB-1125','Zaki Abdullah',13,120000,'QRIS','BERHASIL','DIPESAN',to_date('2026-06-21','yyyy-mm-dd'));

commit;
